;seminoma vs non-seminoma;embryonal vs seminoma;embryonal vs non_embryonal_non_seminoma;teratoma vs non-teratoma;KIT-mutated seminoma vs KIT-wildtype seminoma
TCGA-2G-AAEW-01;seminoma;seminoma;unused;non-teratoma;KIT-Wildtype seminoma
TCGA-2G-AAEX-01;seminoma;seminoma;unused;non-teratoma;KIT-Wildtype seminoma
TCGA-2G-AAF1-01;seminoma;seminoma;unused;non-teratoma;KIT-mutated seminoma
TCGA-2G-AAF4-01;seminoma;seminoma;unused;non-teratoma;KIT-Wildtype seminoma
TCGA-2G-AAF6-01;seminoma;seminoma;unused;non-teratoma;KIT-Wildtype seminoma
TCGA-2G-AAF8-01;seminoma;seminoma;unused;non-teratoma;KIT-Wildtype seminoma
TCGA-2G-AAFG-01;seminoma;seminoma;unused;non-teratoma;KIT-Wildtype seminoma
TCGA-2G-AAFH-01;seminoma;seminoma;unused;non-teratoma;KIT-Wildtype seminoma
TCGA-2G-AAFI-01;non-seminoma;non_embryonal non_seminoma (unused);unused;non-teratoma;non-seminoma (unused)
TCGA-2G-AAFJ-01;non-seminoma;non_embryonal non_seminoma (unused);non-embryonal non-seminoma;unused;non-seminoma (unused)
TCGA-2G-AAFL-01;non-seminoma;embryonal;embryonal;non-teratoma;non-seminoma (unused)
TCGA-2G-AAFM-01;non-seminoma;embryonal;embryonal;non-teratoma;non-seminoma (unused)
TCGA-2G-AAFN-01;non-seminoma;embryonal;embryonal;non-teratoma;non-seminoma (unused)
TCGA-2G-AAFO-01;non-seminoma;embryonal;embryonal;non-teratoma;non-seminoma (unused)
TCGA-2G-AAFV-01;non-seminoma;non_embryonal non_seminoma (unused);non-embryonal non-seminoma;non-teratoma;non-seminoma (unused)
TCGA-2G-AAFY-01;non-seminoma;embryonal;embryonal;non-teratoma;non-seminoma (unused)
TCGA-2G-AAFZ-01;non-seminoma;non_embryonal non_seminoma (unused);unused;unused;non-seminoma (unused)
TCGA-2G-AAG0-01;non-seminoma;non_embryonal non_seminoma (unused);unused;non-teratoma;non-seminoma (unused)
TCGA-2G-AAG3-01;mixed sample (unused);non_embryonal non_seminoma (unused);unused;unused;non-seminoma (unused)
TCGA-2G-AAG5-01;non-seminoma;non_embryonal non_seminoma (unused);non-embryonal non-seminoma;teratoma;non-seminoma (unused)
TCGA-2G-AAG6-01;non-seminoma;non_embryonal non_seminoma (unused);unused;unused;non-seminoma (unused)
TCGA-2G-AAG7-01;non-seminoma;non_embryonal non_seminoma (unused);unused;unused;non-seminoma (unused)
TCGA-2G-AAG8-01;non-seminoma;embryonal;embryonal;non-teratoma;non-seminoma (unused)
TCGA-2G-AAG9-01;seminoma;seminoma;unused;non-teratoma;KIT-mutated seminoma
TCGA-2G-AAGA-01;non-seminoma;embryonal;embryonal;non-teratoma;non-seminoma (unused)
TCGA-2G-AAGC-01;non-seminoma;non_embryonal non_seminoma (unused);non-embryonal non-seminoma;unused;non-seminoma (unused)
TCGA-2G-AAGE-01;non-seminoma;embryonal;embryonal;non-teratoma;non-seminoma (unused)
TCGA-2G-AAGF-01;non-seminoma;non_embryonal non_seminoma (unused);unused;unused;non-seminoma (unused)
TCGA-2G-AAGG-01;non-seminoma;non_embryonal non_seminoma (unused);unused;unused;non-seminoma (unused)
TCGA-2G-AAGI-01;non-seminoma;non_embryonal non_seminoma (unused);unused;unused;non-seminoma (unused)
TCGA-2G-AAGI-05;seminoma;seminoma;unused;non-teratoma;KIT-mutated seminoma
TCGA-2G-AAGJ-01;non-seminoma;embryonal;embryonal;non-teratoma;non-seminoma (unused)
TCGA-2G-AAGK-01;non-seminoma;non_embryonal non_seminoma (unused);unused;non-teratoma;non-seminoma (unused)
TCGA-2G-AAGM-01;non-seminoma;non_embryonal non_seminoma (unused);unused;non-teratoma;non-seminoma (unused)
TCGA-2G-AAGN-01;non-seminoma;embryonal;embryonal;non-teratoma;non-seminoma (unused)
TCGA-2G-AAGO-01;non-seminoma;embryonal;embryonal;non-teratoma;non-seminoma (unused)
TCGA-2G-AAGP-01;non-seminoma;non_embryonal non_seminoma (unused);unused;unused;non-seminoma (unused)
TCGA-2G-AAGS-01;non-seminoma;non_embryonal non_seminoma (unused);unused;unused;non-seminoma (unused)
TCGA-2G-AAGT-01;non-seminoma;non_embryonal non_seminoma (unused);non-embryonal non-seminoma;non-teratoma;non-seminoma (unused)
TCGA-2G-AAGV-01;non-seminoma;non_embryonal non_seminoma (unused);non-embryonal non-seminoma;teratoma;non-seminoma (unused)
TCGA-2G-AAGW-01;non-seminoma;non_embryonal non_seminoma (unused);non-embryonal non-seminoma;non-teratoma;non-seminoma (unused)
TCGA-2G-AAGX-01;non-seminoma;non_embryonal non_seminoma (unused);non-embryonal non-seminoma;unused;non-seminoma (unused)
TCGA-2G-AAGY-01;non-seminoma;non_embryonal non_seminoma (unused);non-embryonal non-seminoma;teratoma;non-seminoma (unused)
TCGA-2G-AAGY-05;seminoma;seminoma;unused;non-teratoma;KIT-Wildtype seminoma
TCGA-2G-AAGZ-01;non-seminoma;embryonal;embryonal;non-teratoma;non-seminoma (unused)
TCGA-2G-AAH0-01;seminoma;seminoma;unused;non-teratoma;KIT-Wildtype seminoma
TCGA-2G-AAH2-01;non-seminoma;non_embryonal non_seminoma (unused);non-embryonal non-seminoma;unused;non-seminoma (unused)
TCGA-2G-AAH3-01;seminoma;seminoma;unused;non-teratoma;KIT-mutated seminoma
TCGA-2G-AAH4-01;non-seminoma;non_embryonal non_seminoma (unused);unused;non-teratoma;non-seminoma (unused)
TCGA-2G-AAH8-01;seminoma;seminoma;unused;non-teratoma;KIT-Wildtype seminoma
TCGA-2G-AAHA-01;seminoma;seminoma;unused;non-teratoma;KIT-mutated seminoma
TCGA-2G-AAHC-01;seminoma;seminoma;unused;non-teratoma;KIT-Wildtype seminoma
TCGA-2G-AAHG-01;seminoma;seminoma;unused;non-teratoma;KIT-Wildtype seminoma
TCGA-2G-AAHL-01;seminoma;seminoma;unused;non-teratoma;KIT-mutated seminoma
TCGA-2G-AAHN-01;seminoma;seminoma;unused;non-teratoma;KIT-mutated seminoma
TCGA-2G-AAHP-01;seminoma;seminoma;unused;non-teratoma;KIT-Wildtype seminoma
TCGA-2G-AAHP-05;seminoma;seminoma;unused;non-teratoma;KIT-Wildtype seminoma
TCGA-2G-AAHT-01;seminoma;seminoma;unused;non-teratoma;KIT-mutated seminoma
TCGA-2G-AAKD-01;non-seminoma;non_embryonal non_seminoma (unused);unused;non-teratoma;non-seminoma (unused)
TCGA-2G-AAKG-01;non-seminoma;non_embryonal non_seminoma (unused);unused;unused;non-seminoma (unused)
TCGA-2G-AAKG-05;seminoma;seminoma;unused;non-teratoma;KIT-Wildtype seminoma
TCGA-2G-AAKH-01;mixed sample (unused);non_embryonal non_seminoma (unused);unused;non-teratoma;non-seminoma (unused)
TCGA-2G-AAKL-01;non-seminoma;embryonal;embryonal;non-teratoma;non-seminoma (unused)
TCGA-2G-AAKM-01;non-seminoma;non_embryonal non_seminoma (unused);unused;unused;non-seminoma (unused)
TCGA-2G-AAL5-01;non-seminoma;non_embryonal non_seminoma (unused);non-embryonal non-seminoma;unused;non-seminoma (unused)
TCGA-2G-AAL7-01;non-seminoma;embryonal;embryonal;non-teratoma;non-seminoma (unused)
TCGA-2G-AALP-01;non-seminoma;non_embryonal non_seminoma (unused);non-embryonal non-seminoma;unused;non-seminoma (unused)
TCGA-2X-A9D5-01;seminoma;seminoma;unused;non-teratoma;KIT-mutated seminoma
TCGA-2X-A9D6-01;seminoma;seminoma;unused;non-teratoma;KIT-mutated seminoma
TCGA-4K-AA1G-01;seminoma;seminoma;unused;non-teratoma;KIT-mutated seminoma
TCGA-4K-AA1H-01;seminoma;seminoma;unused;non-teratoma;KIT-mutated seminoma
TCGA-4K-AA1I-01;seminoma;seminoma;unused;non-teratoma;KIT-Wildtype seminoma
TCGA-4K-AAAL-01;seminoma;seminoma;unused;non-teratoma;KIT-Wildtype seminoma
TCGA-S6-A8JW-01;seminoma;seminoma;unused;non-teratoma;KIT-Wildtype seminoma
TCGA-S6-A8JX-01;seminoma;seminoma;unused;non-teratoma;KIT-Wildtype seminoma
TCGA-S6-A8JY-01;seminoma;seminoma;unused;non-teratoma;KIT-Wildtype seminoma
TCGA-SB-A6J6-01;seminoma;seminoma;unused;non-teratoma;KIT-Wildtype seminoma
TCGA-SB-A76C-01;seminoma;seminoma;unused;non-teratoma;KIT-Wildtype seminoma
TCGA-SN-A6IS-01;seminoma;seminoma;unused;non-teratoma;KIT-Wildtype seminoma
TCGA-SN-A84W-01;non-seminoma;non_embryonal non_seminoma (unused);non-embryonal non-seminoma;teratoma;non-seminoma (unused)
TCGA-SN-A84X-01;mixed sample (unused);non_embryonal non_seminoma (unused);unused;unused;non-seminoma (unused)
TCGA-SN-A84Y-01;non-seminoma;non_embryonal non_seminoma (unused);unused;non-teratoma;non-seminoma (unused)
TCGA-SO-A8JP-01;seminoma;seminoma;unused;non-teratoma;KIT-Wildtype seminoma
TCGA-VF-A8A8-01;non-seminoma;non_embryonal non_seminoma (unused);unused;non-teratoma;non-seminoma (unused)
TCGA-VF-A8A9-01;seminoma;seminoma;unused;non-teratoma;KIT-Wildtype seminoma
TCGA-VF-A8AA-01;seminoma;seminoma;unused;non-teratoma;KIT-mutated seminoma
TCGA-VF-A8AB-01;seminoma;seminoma;unused;non-teratoma;KIT-Wildtype seminoma
TCGA-VF-A8AC-01;seminoma;seminoma;unused;non-teratoma;KIT-Wildtype seminoma
TCGA-VF-A8AD-01;non-seminoma;non_embryonal non_seminoma (unused);unused;non-teratoma;non-seminoma (unused)
TCGA-VF-A8AE-01;seminoma;seminoma;unused;non-teratoma;KIT-Wildtype seminoma
TCGA-W4-A7U2-01;seminoma;seminoma;unused;non-teratoma;KIT-Wildtype seminoma
TCGA-W4-A7U3-01;non-seminoma;non_embryonal non_seminoma (unused);unused;unused;non-seminoma (unused)
TCGA-W4-A7U4-01;non-seminoma;embryonal;embryonal;non-teratoma;non-seminoma (unused)
TCGA-WZ-A7V3-01;seminoma;seminoma;unused;non-teratoma;KIT-Wildtype seminoma
TCGA-WZ-A7V4-01;seminoma;seminoma;unused;non-teratoma;KIT-Wildtype seminoma
TCGA-WZ-A7V5-01;seminoma;seminoma;unused;non-teratoma;KIT-mutated seminoma
TCGA-WZ-A8D5-01;seminoma;seminoma;unused;non-teratoma;KIT-Wildtype seminoma
TCGA-X3-A8G4-01;non-seminoma;non_embryonal non_seminoma (unused);unused;unused;non-seminoma (unused)
TCGA-XE-A8H1-01;non-seminoma;embryonal;embryonal;non-teratoma;non-seminoma (unused)
TCGA-XE-A8H4-01;seminoma;seminoma;unused;non-teratoma;KIT-Wildtype seminoma
TCGA-XE-A8H5-01;seminoma;seminoma;unused;non-teratoma;KIT-Wildtype seminoma
TCGA-XE-A9SE-01;seminoma;seminoma;unused;non-teratoma;KIT-Wildtype seminoma
TCGA-XE-AANI-01;non-seminoma;non_embryonal non_seminoma (unused);unused;unused;non-seminoma (unused)
TCGA-XE-AANJ-01;seminoma;seminoma;unused;non-teratoma;KIT-Wildtype seminoma
TCGA-XE-AANR-01;seminoma;seminoma;unused;non-teratoma;KIT-mutated seminoma
TCGA-XE-AANV-01;seminoma;seminoma;unused;non-teratoma;KIT-mutated seminoma
TCGA-XE-AAO3-01;seminoma;seminoma;unused;non-teratoma;KIT-Wildtype seminoma
TCGA-XE-AAO4-01;seminoma;seminoma;unused;non-teratoma;KIT-Wildtype seminoma
TCGA-XE-AAO6-01;seminoma;seminoma;unused;non-teratoma;KIT-Wildtype seminoma
TCGA-XE-AAOB-01;non-seminoma;non_embryonal non_seminoma (unused);non-embryonal non-seminoma;teratoma;non-seminoma (unused)
TCGA-XE-AAOC-01;non-seminoma;non_embryonal non_seminoma (unused);non-embryonal non-seminoma;teratoma;non-seminoma (unused)
TCGA-XE-AAOD-01;seminoma;seminoma;unused;non-teratoma;KIT-Wildtype seminoma
TCGA-XE-AAOF-01;seminoma;seminoma;unused;non-teratoma;KIT-mutated seminoma
TCGA-XE-AAOJ-01;non-seminoma;non_embryonal non_seminoma (unused);non-embryonal non-seminoma;unused;non-seminoma (unused)
TCGA-XE-AAOL-01;seminoma;seminoma;unused;non-teratoma;KIT-Wildtype seminoma
TCGA-XY-A89B-01;seminoma;seminoma;unused;non-teratoma;KIT-Wildtype seminoma
TCGA-XY-A8S2-01;non-seminoma;embryonal;embryonal;non-teratoma;non-seminoma (unused)
TCGA-XY-A8S3-01;non-seminoma;non_embryonal non_seminoma (unused);unused;non-teratoma;non-seminoma (unused)
TCGA-XY-A9T9-01;seminoma;seminoma;unused;non-teratoma;KIT-Wildtype seminoma
TCGA-YU-A90P-01;non-seminoma;embryonal;embryonal;non-teratoma;non-seminoma (unused)
TCGA-YU-A90Q-01;seminoma;seminoma;unused;non-teratoma;KIT-mutated seminoma
TCGA-YU-A90S-01;seminoma;seminoma;unused;non-teratoma;KIT-mutated seminoma
TCGA-YU-A90W-01;seminoma;seminoma;unused;non-teratoma;KIT-Wildtype seminoma
TCGA-YU-A90Y-01;non-seminoma;non_embryonal non_seminoma (unused);unused;non-teratoma;non-seminoma (unused)
TCGA-YU-A912-01;seminoma;seminoma;unused;non-teratoma;KIT-mutated seminoma
TCGA-YU-A94D-01;non-seminoma;non_embryonal non_seminoma (unused);non-embryonal non-seminoma;unused;non-seminoma (unused)
TCGA-YU-A94I-01;non-seminoma;non_embryonal non_seminoma (unused);non-embryonal non-seminoma;non-teratoma;non-seminoma (unused)
TCGA-YU-AA4L-01;non-seminoma;non_embryonal non_seminoma (unused);non-embryonal non-seminoma;non-teratoma;non-seminoma (unused)
TCGA-YU-AA61-01;mixed sample (unused);non_embryonal non_seminoma (unused);unused;unused;non-seminoma (unused)
TCGA-ZM-AA05-01;seminoma;seminoma;unused;non-teratoma;KIT-mutated seminoma
TCGA-ZM-AA06-01;seminoma;seminoma;unused;non-teratoma;KIT-Wildtype seminoma
TCGA-ZM-AA0B-01;seminoma;seminoma;unused;non-teratoma;KIT-Wildtype seminoma
TCGA-ZM-AA0D-01;seminoma;seminoma;unused;non-teratoma;KIT-mutated seminoma
TCGA-ZM-AA0E-01;seminoma;seminoma;unused;non-teratoma;KIT-mutated seminoma
TCGA-ZM-AA0F-01;seminoma;seminoma;unused;non-teratoma;KIT-mutated seminoma
TCGA-ZM-AA0H-01;seminoma;seminoma;unused;non-teratoma;KIT-mutated seminoma
TCGA-ZM-AA0N-01;seminoma;seminoma;unused;non-teratoma;KIT-Wildtype seminoma
